dl_C,ct_R,war_Aw,tis_R
1.242500913033686e-07,2285533.455857526,2629339.5426375945,8500.416849544188
