dl_C,ct_R,war_Aw,tis_R
7.669856559023137e-08,8330000.0,2429097.8137025577,11271.542874663963
